We Wuz Nidokangz,&
CringeMeta,&
Ransei,#
Drampa's Grandpa,#
The Number Man,#
Think,#
isaiah,#
eggsmcgee,#
eggs,#
RICEMAN,#
Roldski32,@
Brodaha,@
New Old Competitor,@
Snafutari,@
Wrk5646,@
HeatEdgeSword,@
icemaster523,@
23gz,@
two z,@
donvascus,@
byyleth,@
byleth,@
binaclepinnacle,@
longhiep341,@
chomperhere,@
hisuianzoroark,@
Snaquaza,@
TrashPrincess,@
carbinkdeoxide,%
fabwooloous,%
kamran20,%
naaahfam,%
omlctnm2,%
placuszek,%
kinetic1000,%
Wmar,%
tranquilityy,%
galarianbirdsou,%
PokaPK,%
diseasedrodent,%
chrome8,%
axgwd,+
Best Gal,+
bigrokof,+
disciple_1,+
disciple1,+
Dylanronpa,+
invalidos,+
manu 11,+
shadyicy,+
Greater Madnesss,+
belowthebuns,+
bpscrub,+
kimyona,+
mudkipbowl,+
thehisuiregion,+
Tmi489,+
clastia,+
roonie217,+
Iolanthe,&
TrashAngels,&
96rekciLiloL,+
SweetLittleDolores,+
Ho3nConfirm3d,+
Lectrys,+
